id,f_name,s_name,m_name,group,date_in,date_out,status,birthday,education,contact_number,additional_information
1,Dani,Tippett,Miller,2,2018-02-06,2018-04-02,0,1986-11-14,Universitas Negeri Makassar,4343652051,Etiam pretium iaculis justo. In hac habitasse platea dictumst. Etiam faucibus cursus urna. Ut tellus.
2,Grantham,Palliser,Chelsae,1,2018-03-09,2017-07-29,0,1996-12-29,Panzhihua University,7598316631,In hac habitasse platea dictumst. Etiam faucibus cursus urna.
3,Goraud,Bailes,Ansell,3,2017-09-24,2017-10-20,0,1966-08-05,Gediz University,7829891378,Suspendisse potenti. Nullam porttitor lacus at turpis. Donec posuere metus vitae ipsum.
4,Berrie,Griniov,Putnam,19,2017-11-22,2017-09-06,0,1963-07-02,Austin Peay State University,9742102717,"Phasellus sit amet erat. Nulla tempus. Vivamus in felis eu sapien cursus vestibulum. Proin eu mi. Nulla ac enim. In tempor, turpis nec euismod scelerisque, quam turpis adipiscing lorem, vitae mattis nibh ligula nec sem."
5,Sidnee,Meeny,Rutherford,20,2017-11-16,2017-12-22,1,2011-04-04,University of Pannonia,8009631770,Quisque ut erat. Curabitur gravida nisi at nibh. In hac habitasse platea dictumst.
6,Rodd,Chartman,Ester,3,2017-09-28,2017-10-06,0,1987-10-14,Universidad Central,3719431947,"Maecenas tristique, est et tempus semper, est quam pharetra magna, ac consequat metus sapien ut nunc. Vestibulum ante ipsum primis in faucibus orci luctus et ultrices posuere cubilia Curae; Mauris viverra diam vitae quam. Suspendisse potenti. Nullam porttitor lacus at turpis. Donec posuere metus vitae ipsum."
7,Jobye,Screwton,Temp,7,2017-08-12,2018-04-29,1,2002-02-16,Université Cadi Ayyad,3851895398,"Pellentesque eget nunc. Donec quis orci eget orci vehicula condimentum. Curabitur in libero ut massa volutpat convallis. Morbi odio odio, elementum eu, interdum eu, tincidunt in, leo."
8,Thorsten,Peach,Bard,16,2017-10-27,2017-10-11,1,1994-04-11,Yale University,3462131921,Aliquam sit amet diam in magna bibendum imperdiet.
9,Roscoe,Gouinlock,Salvador,10,2017-07-21,2017-09-11,0,1997-01-25,Universitat de Vic,9486133840,Nullam varius. Nulla facilisi. Cras non velit nec nisi vulputate nonummy. Maecenas tincidunt lacus at velit. Vivamus vel nulla eget eros elementum pellentesque.
10,Ricardo,Melville,Horatio,11,2018-06-16,2017-10-12,1,1977-07-30,Université Chrétienne du Nord d'Haiti,2516078019,Duis aliquam convallis nunc. Proin at turpis a pede posuere nonummy.
11,Torrie,Kearton,Evey,19,2017-11-26,2017-10-10,1,2006-08-13,Fukui Prefectural University,3654432519,Integer tincidunt ante vel ipsum. Praesent blandit lacinia erat. Vestibulum sed magna at nunc commodo placerat. Praesent blandit. Nam nulla.
12,Rinaldo,Sissons,Lise,1,2018-03-16,2018-02-01,1,2009-12-26,Universidade Regional do Cariri,6805476907,"Proin leo odio, porttitor id, consequat in, consequat ut, nulla. Sed accumsan felis. Ut at dolor quis odio consequat varius."
13,Boone,Bullier,Haley,14,2018-03-08,2018-05-13,0,1974-01-05,Universitas Andalas,4239541441,"Donec vitae nisi. Nam ultrices, libero non mattis pulvinar, nulla pede ullamcorper augue, a suscipit nulla elit ac nulla. Sed vel enim sit amet nunc viverra dapibus. Nulla suscipit ligula in lacus. Curabitur at ipsum ac tellus semper interdum."
14,Aloisia,Storer,Norri,1,2018-04-23,2017-12-23,0,1969-10-25,FON University,6185339457,"Nunc purus. Phasellus in felis. Donec semper sapien a libero. Nam dui. Proin leo odio, porttitor id, consequat in, consequat ut, nulla."
15,Bob,Raitt,Arlen,20,2018-06-14,2017-10-12,0,1974-02-14,University of Pitesti,9586529387,Maecenas rhoncus aliquam lacus. Morbi quis tortor id nulla ultrices aliquet.
16,Lynne,Thunnercliffe,Josh,7,2018-05-08,2017-12-17,0,2009-10-31,Yerevan Haibusak University,1505660522,"Vestibulum quam sapien, varius ut, blandit non, interdum in, ante. Vestibulum ante ipsum primis in faucibus orci luctus et ultrices posuere cubilia Curae; Duis faucibus accumsan odio."
17,Pietrek,Dubbin,Beltran,16,2017-09-28,2018-02-17,0,1971-07-20,Miyagi University,9402926682,"Aenean fermentum. Donec ut mauris eget massa tempor convallis. Nulla neque libero, convallis eget, eleifend luctus, ultricies eu, nibh."
18,Davina,Duggary,Kizzie,9,2018-01-25,2017-10-31,0,1982-08-25,Szent István University,4575129400,Pellentesque eget nunc. Donec quis orci eget orci vehicula condimentum. Curabitur in libero ut massa volutpat convallis.
19,Ronalda,Romke,Georgia,20,2017-10-08,2017-07-23,0,2000-12-16,Africa Nazarene University,3077083311,Duis mattis egestas metus.
20,Emeline,Laurencot,Rica,6,2018-03-23,2017-10-17,1,2017-01-31,University of Northern Bahr El-Ghazal,4735071009,"Vestibulum ante ipsum primis in faucibus orci luctus et ultrices posuere cubilia Curae; Nulla dapibus dolor vel est. Donec odio justo, sollicitudin ut, suscipit a, feugiat et, eros. Vestibulum ac est lacinia nisi venenatis tristique. Fusce congue, diam id ornare imperdiet, sapien urna pretium nisl, ut volutpat sapien arcu sed augue. Aliquam erat volutpat."
