idStudent,idTask,mark,comments
15,20,3,Nulla mollis molestie lorem. Quisque ut erat.
3,3,4,Mauris ullamcorper purus sit amet nulla.
16,3,7,Donec semper sapien a libero.
18,15,6,Duis aliquam convallis nunc.
3,20,7,Vestibulum ac est lacinia nisi venenatis tristique.
10,2,9,"Donec ut mauris eget massa tempor convallis. Nulla neque libero, convallis eget, eleifend luctus, ultricies eu, nibh."
3,19,3,"Maecenas tristique, est et tempus semper, est quam pharetra magna, ac consequat metus sapien ut nunc. Vestibulum ante ipsum primis in faucibus orci luctus et ultrices posuere cubilia Curae; Mauris viverra diam vitae quam."
16,4,5,"Praesent lectus. Vestibulum quam sapien, varius ut, blandit non, interdum in, ante."
11,5,1,Donec semper sapien a libero.
2,6,8,Donec quis orci eget orci vehicula condimentum.
2,20,9,"In blandit ultrices enim. Lorem ipsum dolor sit amet, consectetuer adipiscing elit."
20,4,1,Donec vitae nisi.
4,12,7,Suspendisse ornare consequat lectus.
4,10,2,In quis justo. Maecenas rhoncus aliquam lacus.
5,6,1,Mauris sit amet eros. Suspendisse accumsan tortor quis turpis.
4,6,3,Morbi non quam nec dui luctus rutrum. Nulla tellus.
16,5,8,"Cum sociis natoque penatibus et magnis dis parturient montes, nascetur ridiculus mus. Vivamus vestibulum sagittis sapien."
4,19,2,Praesent blandit lacinia erat.
20,20,1,Suspendisse potenti.
5,6,6,"Vivamus metus arcu, adipiscing molestie, hendrerit at, vulputate vitae, nisl."
