idTeacher,first_name,last_name,m_name,position,department,company,contact_number
1,Mano,Narraway,Jaine,Electrical Engineer,Engineering,Tagpad,2123507575
2,Barde,Edsall,Rosette,Nuclear Power Engineer,Business Development,Cogidoo,1429072003
3,Teddi,Clarycott,Kriste,VP Marketing,Product Management,Digitube,9573821094
4,Joelie,Compford,Janela,Media Manager III,Research and Development,Yakitri,4091988955
5,Shel,Clowton,Amanda,Junior Executive,Services,Oyondu,4597221945
6,Riva,Beedie,Josh,Project Manager,Legal,Realbridge,5915918496
7,Tedmund,Benyon,Vyky,Business Systems Development Analyst,Training,Edgeblab,7747534616
8,Stevie,Broader,Izzy,Community Outreach Specialist,Services,Kwilith,2628103133
9,Klement,Leibold,Barby,Chief Design Engineer,Human Resources,Twitterbridge,1566358078
10,Tedd,Vedenyakin,Kesley,Health Coach I,Business Development,Dynabox,8976649662
11,Corrie,Lapsley,Desi,Design Engineer,Training,Vitz,6592870214
12,Laurella,Trenfield,Brewer,Executive Secretary,Services,Jatri,2938221576
13,Roslyn,Wardingly,Alyce,Senior Financial Analyst,Services,Tambee,7009816441
14,Bobbie,Batch,Evelyn,Paralegal,Business Development,Rhycero,5878375524
15,Leisha,Benton,Tessi,Senior Financial Analyst,Marketing,Agivu,6273364706
16,Norine,Chaster,Blondell,Help Desk Technician,Support,Thoughtsphere,3491219110
17,Perle,Felten,Alvinia,Statistician IV,Support,Yodel,3395487846
18,Danielle,Jindracek,Brynna,Dental Hygienist,Support,Oyoba,4954691529
19,Aeriell,Clissold,Orland,Actuary,Legal,Brightbean,3865681137
20,Orelia,Dakin,Bronson,Systems Administrator III,Accounting,Edgeify,5628648236
